"filename", "language", "C++", "Python", "CUDA C++", "comment", "blank", "total"
"e:\Data\BJTU\NJU1\4.Research\pbrt-v4\src\pbrt\base\bssrdf.h", "C++", 22, 0, 0, 5, 13, 40
"e:\Data\BJTU\NJU1\4.Research\pbrt-v4\src\pbrt\base\bxdf.h", "C++", 152, 0, 0, 12, 37, 201
"e:\Data\BJTU\NJU1\4.Research\pbrt-v4\src\pbrt\base\camera.h", "C++", 50, 0, 0, 6, 24, 80
"e:\Data\BJTU\NJU1\4.Research\pbrt-v4\src\pbrt\base\film.h", "C++", 46, 0, 0, 5, 24, 75
"e:\Data\BJTU\NJU1\4.Research\pbrt-v4\src\pbrt\base\filter.h", "C++", 26, 0, 0, 6, 16, 48
"e:\Data\BJTU\NJU1\4.Research\pbrt-v4\src\pbrt\base\light.h", "C++", 65, 0, 0, 9, 26, 100
"e:\Data\BJTU\NJU1\4.Research\pbrt-v4\src\pbrt\base\lightsampler.h", "C++", 30, 0, 0, 6, 16, 52
"e:\Data\BJTU\NJU1\4.Research\pbrt-v4\src\pbrt\base\material.h", "C++", 48, 0, 0, 6, 20, 74
"e:\Data\BJTU\NJU1\4.Research\pbrt-v4\src\pbrt\base\medium.h", "C++", 76, 0, 0, 14, 33, 123
"e:\Data\BJTU\NJU1\4.Research\pbrt-v4\src\pbrt\base\sampler.h", "C++", 44, 0, 0, 7, 19, 70
"e:\Data\BJTU\NJU1\4.Research\pbrt-v4\src\pbrt\base\shape.h", "C++", 43, 0, 0, 6, 21, 70
"e:\Data\BJTU\NJU1\4.Research\pbrt-v4\src\pbrt\base\texture.h", "C++", 71, 0, 0, 7, 21, 99
"e:\Data\BJTU\NJU1\4.Research\pbrt-v4\src\pbrt\bsdf.cpp", "C++", 11, 0, 0, 4, 7, 22
"e:\Data\BJTU\NJU1\4.Research\pbrt-v4\src\pbrt\bsdf.h", "C++", 125, 0, 0, 7, 25, 157
"e:\Data\BJTU\NJU1\4.Research\pbrt-v4\src\pbrt\bsdfs_test.cpp", "C++", 633, 0, 0, 77, 111, 821
"e:\Data\BJTU\NJU1\4.Research\pbrt-v4\src\pbrt\bssrdf.cpp", "C++", 90, 0, 0, 30, 25, 145
"e:\Data\BJTU\NJU1\4.Research\pbrt-v4\src\pbrt\bssrdf.h", "C++", 225, 0, 0, 37, 47, 309
"e:\Data\BJTU\NJU1\4.Research\pbrt-v4\src\pbrt\bxdfs.cpp", "C++", 874, 0, 0, 122, 176, 1172
"e:\Data\BJTU\NJU1\4.Research\pbrt-v4\src\pbrt\bxdfs.h", "C++", 889, 0, 0, 115, 166, 1170
"e:\Data\BJTU\NJU1\4.Research\pbrt-v4\src\pbrt\cameras.cpp", "C++", 1124, 0, 0, 139, 181, 1444
"e:\Data\BJTU\NJU1\4.Research\pbrt-v4\src\pbrt\cameras.h", "C++", 468, 0, 0, 49, 110, 627
"e:\Data\BJTU\NJU1\4.Research\pbrt-v4\src\pbrt\cmd\cyhair2pbrt.cpp", "C++", 353, 0, 0, 59, 69, 481
"e:\Data\BJTU\NJU1\4.Research\pbrt-v4\src\pbrt\cmd\imgtool.cpp", "C++", 2094, 0, 0, 98, 282, 2474
"e:\Data\BJTU\NJU1\4.Research\pbrt-v4\src\pbrt\cmd\nanovdb2pbrt.cpp", "C++", 136, 0, 0, 9, 29, 174
"e:\Data\BJTU\NJU1\4.Research\pbrt-v4\src\pbrt\cmd\pbrt.cpp", "C++", 328, 0, 0, 27, 32, 387
"e:\Data\BJTU\NJU1\4.Research\pbrt-v4\src\pbrt\cmd\pbrt_test.cpp", "C++", 63, 0, 0, 5, 19, 87
"e:\Data\BJTU\NJU1\4.Research\pbrt-v4\src\pbrt\cmd\plytool.cpp", "C++", 276, 0, 0, 4, 54, 334
"e:\Data\BJTU\NJU1\4.Research\pbrt-v4\src\pbrt\cmd\pspec.cpp", "C++", 352, 0, 0, 13, 52, 417
"e:\Data\BJTU\NJU1\4.Research\pbrt-v4\src\pbrt\cmd\pspec_gpu.cpp", "C++", 59, 0, 0, 17, 23, 99
"e:\Data\BJTU\NJU1\4.Research\pbrt-v4\src\pbrt\cmd\rgb2spec_opt.cpp", "C++", 683, 0, 0, 73, 160, 916
"e:\Data\BJTU\NJU1\4.Research\pbrt-v4\src\pbrt\cmd\soac.cpp", "C++", 396, 0, 0, 29, 48, 473
"e:\Data\BJTU\NJU1\4.Research\pbrt-v4\src\pbrt\cpu\aggregates.cpp", "C++", 931, 0, 0, 135, 115, 1181
"e:\Data\BJTU\NJU1\4.Research\pbrt-v4\src\pbrt\cpu\aggregates.h", "C++", 76, 0, 0, 12, 22, 110
"e:\Data\BJTU\NJU1\4.Research\pbrt-v4\src\pbrt\cpu\integrators.cpp", "C++", 3246, 0, 0, 500, 485, 4231
"e:\Data\BJTU\NJU1\4.Research\pbrt-v4\src\pbrt\cpu\integrators.h", "C++", 356, 0, 0, 57, 94, 507
"e:\Data\BJTU\NJU1\4.Research\pbrt-v4\src\pbrt\cpu\integrators_test.cpp", "C++", 355, 0, 0, 29, 64, 448
"e:\Data\BJTU\NJU1\4.Research\pbrt-v4\src\pbrt\cpu\primitive.cpp", "C++", 119, 0, 0, 15, 27, 161
"e:\Data\BJTU\NJU1\4.Research\pbrt-v4\src\pbrt\cpu\primitive.h", "C++", 82, 0, 0, 17, 24, 123
"e:\Data\BJTU\NJU1\4.Research\pbrt-v4\src\pbrt\cpu\render.cpp", "C++", 127, 0, 0, 10, 31, 168
"e:\Data\BJTU\NJU1\4.Research\pbrt-v4\src\pbrt\cpu\render.h", "C++", 8, 0, 0, 3, 8, 19
"e:\Data\BJTU\NJU1\4.Research\pbrt-v4\src\pbrt\film.cpp", "C++", 899, 0, 0, 80, 127, 1106
"e:\Data\BJTU\NJU1\4.Research\pbrt-v4\src\pbrt\film.h", "C++", 445, 0, 0, 66, 99, 610
"e:\Data\BJTU\NJU1\4.Research\pbrt-v4\src\pbrt\filters.cpp", "C++", 117, 0, 0, 14, 24, 155
"e:\Data\BJTU\NJU1\4.Research\pbrt-v4\src\pbrt\filters.h", "C++", 182, 0, 0, 20, 57, 259
"e:\Data\BJTU\NJU1\4.Research\pbrt-v4\src\pbrt\filters_test.cpp", "C++", 83, 0, 0, 3, 15, 101
"e:\Data\BJTU\NJU1\4.Research\pbrt-v4\src\pbrt\gpu\aggregate.cpp", "C++", 1457, 0, 0, 104, 289, 1850
"e:\Data\BJTU\NJU1\4.Research\pbrt-v4\src\pbrt\gpu\aggregate.h", "C++", 127, 0, 0, 6, 31, 164
"e:\Data\BJTU\NJU1\4.Research\pbrt-v4\src\pbrt\gpu\cudagl.h", "C++", 316, 0, 0, 39, 103, 458
"e:\Data\BJTU\NJU1\4.Research\pbrt-v4\src\pbrt\gpu\denoiser.cpp", "C++", 111, 0, 0, 5, 26, 142
"e:\Data\BJTU\NJU1\4.Research\pbrt-v4\src\pbrt\gpu\denoiser.h", "C++", 20, 0, 0, 5, 11, 36
"e:\Data\BJTU\NJU1\4.Research\pbrt-v4\src\pbrt\gpu\memory.cpp", "C++", 53, 0, 0, 3, 19, 75
"e:\Data\BJTU\NJU1\4.Research\pbrt-v4\src\pbrt\gpu\memory.h", "C++", 39, 0, 0, 3, 17, 59
"e:\Data\BJTU\NJU1\4.Research\pbrt-v4\src\pbrt\gpu\optix.cu", "CUDA C++", 0, 0, 415, 28, 131, 574
"e:\Data\BJTU\NJU1\4.Research\pbrt-v4\src\pbrt\gpu\optix.h", "C++", 50, 0, 0, 6, 17, 73
"e:\Data\BJTU\NJU1\4.Research\pbrt-v4\src\pbrt\gpu\util.cpp", "C++", 198, 0, 0, 8, 43, 249
"e:\Data\BJTU\NJU1\4.Research\pbrt-v4\src\pbrt\gpu\util.h", "C++", 96, 0, 0, 6, 32, 134
"e:\Data\BJTU\NJU1\4.Research\pbrt-v4\src\pbrt\interaction.cpp", "C++", 173, 0, 0, 29, 33, 235
"e:\Data\BJTU\NJU1\4.Research\pbrt-v4\src\pbrt\interaction.h", "C++", 210, 0, 0, 18, 41, 269
"e:\Data\BJTU\NJU1\4.Research\pbrt-v4\src\pbrt\lights.cpp", "C++", 1302, 0, 0, 158, 234, 1694
"e:\Data\BJTU\NJU1\4.Research\pbrt-v4\src\pbrt\lights.h", "C++", 616, 0, 0, 67, 155, 838
"e:\Data\BJTU\NJU1\4.Research\pbrt-v4\src\pbrt\lights_test.cpp", "C++", 162, 0, 0, 8, 37, 207
"e:\Data\BJTU\NJU1\4.Research\pbrt-v4\src\pbrt\lightsamplers.cpp", "C++", 252, 0, 0, 27, 40, 319
"e:\Data\BJTU\NJU1\4.Research\pbrt-v4\src\pbrt\lightsamplers.h", "C++", 344, 0, 0, 46, 75, 465
"e:\Data\BJTU\NJU1\4.Research\pbrt-v4\src\pbrt\lightsamplers_test.cpp", "C++", 273, 0, 0, 30, 51, 354
"e:\Data\BJTU\NJU1\4.Research\pbrt-v4\src\pbrt\materials.cpp", "C++", 571, 0, 0, 29, 94, 694
"e:\Data\BJTU\NJU1\4.Research\pbrt-v4\src\pbrt\materials.h", "C++", 731, 0, 0, 73, 154, 958
"e:\Data\BJTU\NJU1\4.Research\pbrt-v4\src\pbrt\media.cpp", "C++", 556, 0, 0, 44, 92, 692
"e:\Data\BJTU\NJU1\4.Research\pbrt-v4\src\pbrt\media.h", "C++", 604, 0, 0, 87, 114, 805
"e:\Data\BJTU\NJU1\4.Research\pbrt-v4\src\pbrt\media_test.cpp", "C++", 80, 0, 0, 9, 10, 99
"e:\Data\BJTU\NJU1\4.Research\pbrt-v4\src\pbrt\options.cpp", "C++", 42, 0, 0, 3, 10, 55
"e:\Data\BJTU\NJU1\4.Research\pbrt-v4\src\pbrt\options.h", "C++", 71, 0, 0, 9, 17, 97
"e:\Data\BJTU\NJU1\4.Research\pbrt-v4\src\pbrt\paramdict.cpp", "C++", 764, 0, 0, 19, 142, 925
"e:\Data\BJTU\NJU1\4.Research\pbrt-v4\src\pbrt\paramdict.h", "C++", 191, 0, 0, 20, 51, 262
"e:\Data\BJTU\NJU1\4.Research\pbrt-v4\src\pbrt\parser.cpp", "C++", 1628, 0, 0, 54, 255, 1937
"e:\Data\BJTU\NJU1\4.Research\pbrt-v4\src\pbrt\parser.h", "C++", 208, 0, 0, 32, 37, 277
"e:\Data\BJTU\NJU1\4.Research\pbrt-v4\src\pbrt\parser_test.cpp", "C++", 122, 0, 0, 6, 19, 147
"e:\Data\BJTU\NJU1\4.Research\pbrt-v4\src\pbrt\pbrt.cpp", "C++", 113, 0, 0, 17, 30, 160
"e:\Data\BJTU\NJU1\4.Research\pbrt-v4\src\pbrt\pbrt.h", "C++", 150, 0, 0, 9, 30, 189
"e:\Data\BJTU\NJU1\4.Research\pbrt-v4\src\pbrt\pbrt_lldbdataformatters.py", "Python", 0, 217, 0, 8, 44, 269
"e:\Data\BJTU\NJU1\4.Research\pbrt-v4\src\pbrt\ray.cpp", "C++", 12, 0, 0, 3, 7, 22
"e:\Data\BJTU\NJU1\4.Research\pbrt-v4\src\pbrt\ray.h", "C++", 77, 0, 0, 12, 24, 113
"e:\Data\BJTU\NJU1\4.Research\pbrt-v4\src\pbrt\samplers.cpp", "C++", 364, 0, 0, 20, 60, 444
"e:\Data\BJTU\NJU1\4.Research\pbrt-v4\src\pbrt\samplers.h", "C++", 634, 0, 0, 59, 126, 819
"e:\Data\BJTU\NJU1\4.Research\pbrt-v4\src\pbrt\samplers_test.cpp", "C++", 149, 0, 0, 20, 28, 197
"e:\Data\BJTU\NJU1\4.Research\pbrt-v4\src\pbrt\scene.cpp", "C++", 1303, 0, 0, 75, 235, 1613
"e:\Data\BJTU\NJU1\4.Research\pbrt-v4\src\pbrt\scene.h", "C++", 425, 0, 0, 25, 75, 525
"e:\Data\BJTU\NJU1\4.Research\pbrt-v4\src\pbrt\shapes.cpp", "C++", 1197, 0, 0, 136, 188, 1521
"e:\Data\BJTU\NJU1\4.Research\pbrt-v4\src\pbrt\shapes.h", "C++", 1140, 0, 0, 202, 249, 1591
"e:\Data\BJTU\NJU1\4.Research\pbrt-v4\src\pbrt\shapes_test.cpp", "C++", 371, 0, 0, 55, 67, 493
"e:\Data\BJTU\NJU1\4.Research\pbrt-v4\src\pbrt\textures.cpp", "C++", 1298, 0, 0, 54, 219, 1571
"e:\Data\BJTU\NJU1\4.Research\pbrt-v4\src\pbrt\textures.h", "C++", 917, 0, 0, 97, 204, 1218
"e:\Data\BJTU\NJU1\4.Research\pbrt-v4\src\pbrt\util\args.cpp", "C++", 23, 0, 0, 4, 6, 33
"e:\Data\BJTU\NJU1\4.Research\pbrt-v4\src\pbrt\util\args.h", "C++", 159, 0, 0, 11, 26, 196
"e:\Data\BJTU\NJU1\4.Research\pbrt-v4\src\pbrt\util\args_test.cpp", "C++", 121, 0, 0, 3, 19, 143
"e:\Data\BJTU\NJU1\4.Research\pbrt-v4\src\pbrt\util\bluenoise.cpp", "C++", 104550, 0, 0, 109, 6, 104665
"e:\Data\BJTU\NJU1\4.Research\pbrt-v4\src\pbrt\util\bluenoise.h", "C++", 20, 0, 0, 4, 11, 35
"e:\Data\BJTU\NJU1\4.Research\pbrt-v4\src\pbrt\util\buffercache.cpp", "C++", 17, 0, 0, 4, 7, 28
"e:\Data\BJTU\NJU1\4.Research\pbrt-v4\src\pbrt\util\buffercache.h", "C++", 84, 0, 0, 13, 20, 117
"e:\Data\BJTU\NJU1\4.Research\pbrt-v4\src\pbrt\util\buffercache_test.cpp", "C++", 23, 0, 0, 3, 14, 40
"e:\Data\BJTU\NJU1\4.Research\pbrt-v4\src\pbrt\util\check.cpp", "C++", 137, 0, 0, 14, 23, 174
"e:\Data\BJTU\NJU1\4.Research\pbrt-v4\src\pbrt\util\check.h", "C++", 97, 0, 0, 10, 36, 143
"e:\Data\BJTU\NJU1\4.Research\pbrt-v4\src\pbrt\util\color.cpp", "C++", 266, 0, 0, 14, 52, 332
"e:\Data\BJTU\NJU1\4.Research\pbrt-v4\src\pbrt\util\color.h", "C++", 456, 0, 0, 30, 79, 565
"e:\Data\BJTU\NJU1\4.Research\pbrt-v4\src\pbrt\util\color_test.cpp", "C++", 233, 0, 0, 16, 46, 295
"e:\Data\BJTU\NJU1\4.Research\pbrt-v4\src\pbrt\util\colorspace.cpp", "C++", 96, 0, 0, 10, 16, 122
"e:\Data\BJTU\NJU1\4.Research\pbrt-v4\src\pbrt\util\colorspace.h", "C++", 53, 0, 0, 7, 20, 80
"e:\Data\BJTU\NJU1\4.Research\pbrt-v4\src\pbrt\util\containers.h", "C++", 809, 0, 0, 54, 117, 980
"e:\Data\BJTU\NJU1\4.Research\pbrt-v4\src\pbrt\util\containers_test.cpp", "C++", 154, 0, 0, 7, 42, 203
"e:\Data\BJTU\NJU1\4.Research\pbrt-v4\src\pbrt\util\display.cpp", "C++", 394, 0, 0, 19, 94, 507
"e:\Data\BJTU\NJU1\4.Research\pbrt-v4\src\pbrt\util\display.h", "C++", 100, 0, 0, 7, 23, 130
"e:\Data\BJTU\NJU1\4.Research\pbrt-v4\src\pbrt\util\error.cpp", "C++", 77, 0, 0, 7, 21, 105
"e:\Data\BJTU\NJU1\4.Research\pbrt-v4\src\pbrt\util\error.h", "C++", 53, 0, 0, 6, 20, 79
"e:\Data\BJTU\NJU1\4.Research\pbrt-v4\src\pbrt\util\file.cpp", "C++", 237, 0, 0, 20, 39, 296
"e:\Data\BJTU\NJU1\4.Research\pbrt-v4\src\pbrt\util\file.h", "C++", 22, 0, 0, 4, 15, 41
"e:\Data\BJTU\NJU1\4.Research\pbrt-v4\src\pbrt\util\file_test.cpp", "C++", 59, 0, 0, 3, 20, 82
"e:\Data\BJTU\NJU1\4.Research\pbrt-v4\src\pbrt\util\float.cpp", "C++", 7, 0, 0, 3, 6, 16
"e:\Data\BJTU\NJU1\4.Research\pbrt-v4\src\pbrt\util\float.h", "C++", 465, 0, 0, 26, 84, 575
"e:\Data\BJTU\NJU1\4.Research\pbrt-v4\src\pbrt\util\float_test.cpp", "C++", 218, 0, 0, 26, 42, 286
"e:\Data\BJTU\NJU1\4.Research\pbrt-v4\src\pbrt\util\gui.cpp", "C++", 288, 0, 0, 6, 47, 341
"e:\Data\BJTU\NJU1\4.Research\pbrt-v4\src\pbrt\util\gui.h", "C++", 65, 0, 0, 6, 19, 90
"e:\Data\BJTU\NJU1\4.Research\pbrt-v4\src\pbrt\util\hash.h", "C++", 84, 0, 0, 7, 26, 117
"e:\Data\BJTU\NJU1\4.Research\pbrt-v4\src\pbrt\util\hash_test.cpp", "C++", 39, 0, 0, 5, 12, 56
"e:\Data\BJTU\NJU1\4.Research\pbrt-v4\src\pbrt\util\image.cpp", "C++", 1499, 0, 0, 108, 210, 1817
"e:\Data\BJTU\NJU1\4.Research\pbrt-v4\src\pbrt\util\image.h", "C++", 371, 0, 0, 31, 78, 480
"e:\Data\BJTU\NJU1\4.Research\pbrt-v4\src\pbrt\util\image_test.cpp", "C++", 643, 0, 0, 40, 135, 818
"e:\Data\BJTU\NJU1\4.Research\pbrt-v4\src\pbrt\util\log.cpp", "C++", 336, 0, 0, 27, 59, 422
"e:\Data\BJTU\NJU1\4.Research\pbrt-v4\src\pbrt\util\log.h", "C++", 81, 0, 0, 7, 35, 123
"e:\Data\BJTU\NJU1\4.Research\pbrt-v4\src\pbrt\util\loopsubdiv.cpp", "C++", 337, 0, 0, 52, 44, 433
"e:\Data\BJTU\NJU1\4.Research\pbrt-v4\src\pbrt\util\loopsubdiv.h", "C++", 10, 0, 0, 4, 8, 22
"e:\Data\BJTU\NJU1\4.Research\pbrt-v4\src\pbrt\util\lowdiscrepancy.cpp", "C++", 45, 0, 0, 4, 9, 58
"e:\Data\BJTU\NJU1\4.Research\pbrt-v4\src\pbrt\util\lowdiscrepancy.h", "C++", 219, 0, 0, 30, 42, 291
"e:\Data\BJTU\NJU1\4.Research\pbrt-v4\src\pbrt\util\math.cpp", "C++", 276, 0, 0, 49, 57, 382
"e:\Data\BJTU\NJU1\4.Research\pbrt-v4\src\pbrt\util\math.h", "C++", 1300, 0, 0, 97, 237, 1634
"e:\Data\BJTU\NJU1\4.Research\pbrt-v4\src\pbrt\util\math_test.cpp", "C++", 860, 0, 0, 38, 151, 1049
"e:\Data\BJTU\NJU1\4.Research\pbrt-v4\src\pbrt\util\memory.cpp", "C++", 52, 0, 0, 18, 9, 79
"e:\Data\BJTU\NJU1\4.Research\pbrt-v4\src\pbrt\util\memory.h", "C++", 123, 0, 0, 7, 28, 158
"e:\Data\BJTU\NJU1\4.Research\pbrt-v4\src\pbrt\util\mesh.cpp", "C++", 377, 0, 0, 22, 77, 476
"e:\Data\BJTU\NJU1\4.Research\pbrt-v4\src\pbrt\util\mesh.h", "C++", 139, 0, 0, 17, 35, 191
"e:\Data\BJTU\NJU1\4.Research\pbrt-v4\src\pbrt\util\mipmap.cpp", "C++", 354, 0, 0, 33, 35, 422
"e:\Data\BJTU\NJU1\4.Research\pbrt-v4\src\pbrt\util\mipmap.h", "C++", 63, 0, 0, 9, 18, 90
"e:\Data\BJTU\NJU1\4.Research\pbrt-v4\src\pbrt\util\noise.cpp", "C++", 120, 0, 0, 16, 23, 159
"e:\Data\BJTU\NJU1\4.Research\pbrt-v4\src\pbrt\util\noise.h", "C++", 16, 0, 0, 3, 7, 26
"e:\Data\BJTU\NJU1\4.Research\pbrt-v4\src\pbrt\util\parallel.cpp", "C++", 267, 0, 0, 34, 72, 373
"e:\Data\BJTU\NJU1\4.Research\pbrt-v4\src\pbrt\util\parallel.h", "C++", 335, 0, 0, 37, 77, 449
"e:\Data\BJTU\NJU1\4.Research\pbrt-v4\src\pbrt\util\parallel_test.cpp", "C++", 64, 0, 0, 4, 15, 83
"e:\Data\BJTU\NJU1\4.Research\pbrt-v4\src\pbrt\util\pmj02tables.cpp", "C++", 109249, 0, 0, 3, 6, 109258
"e:\Data\BJTU\NJU1\4.Research\pbrt-v4\src\pbrt\util\pmj02tables.h", "C++", 26, 0, 0, 8, 12, 46
"e:\Data\BJTU\NJU1\4.Research\pbrt-v4\src\pbrt\util\primes.cpp", "C++", 74, 0, 0, 4, 5, 83
"e:\Data\BJTU\NJU1\4.Research\pbrt-v4\src\pbrt\util\primes.h", "C++", 9, 0, 0, 4, 8, 21
"e:\Data\BJTU\NJU1\4.Research\pbrt-v4\src\pbrt\util\print.cpp", "C++", 67, 0, 0, 11, 14, 92
"e:\Data\BJTU\NJU1\4.Research\pbrt-v4\src\pbrt\util\print.h", "C++", 257, 0, 0, 19, 49, 325
"e:\Data\BJTU\NJU1\4.Research\pbrt-v4\src\pbrt\util\print_test.cpp", "C++", 175, 0, 0, 4, 22, 201
"e:\Data\BJTU\NJU1\4.Research\pbrt-v4\src\pbrt\util\progressreporter.cpp", "C++", 176, 0, 0, 14, 26, 216
"e:\Data\BJTU\NJU1\4.Research\pbrt-v4\src\pbrt\util\progressreporter.h", "C++", 75, 0, 0, 9, 20, 104
"e:\Data\BJTU\NJU1\4.Research\pbrt-v4\src\pbrt\util\pstd.cpp", "C++", 67, 0, 0, 18, 21, 106
"e:\Data\BJTU\NJU1\4.Research\pbrt-v4\src\pbrt\util\pstd.h", "C++", 1011, 0, 0, 50, 173, 1234
"e:\Data\BJTU\NJU1\4.Research\pbrt-v4\src\pbrt\util\pstd_test.cpp", "C++", 120, 0, 0, 4, 32, 156
"e:\Data\BJTU\NJU1\4.Research\pbrt-v4\src\pbrt\util\rng.cpp", "C++", 8, 0, 0, 3, 7, 18
"e:\Data\BJTU\NJU1\4.Research\pbrt-v4\src\pbrt\util\rng.h", "C++", 135, 0, 0, 11, 27, 173
"e:\Data\BJTU\NJU1\4.Research\pbrt-v4\src\pbrt\util\rng_test.cpp", "C++", 112, 0, 0, 17, 22, 151
"e:\Data\BJTU\NJU1\4.Research\pbrt-v4\src\pbrt\util\sampling.cpp", "C++", 462, 0, 0, 109, 88, 659
"e:\Data\BJTU\NJU1\4.Research\pbrt-v4\src\pbrt\util\sampling.h", "C++", 1330, 0, 0, 150, 274, 1754
"e:\Data\BJTU\NJU1\4.Research\pbrt-v4\src\pbrt\util\sampling_test.cpp", "C++", 1075, 0, 0, 47, 208, 1330
"e:\Data\BJTU\NJU1\4.Research\pbrt-v4\src\pbrt\util\scattering.cpp", "C++", 28, 0, 0, 4, 7, 39
"e:\Data\BJTU\NJU1\4.Research\pbrt-v4\src\pbrt\util\scattering.h", "C++", 143, 0, 0, 29, 38, 210
"e:\Data\BJTU\NJU1\4.Research\pbrt-v4\src\pbrt\util\soa.h", "C++", 198, 0, 0, 5, 25, 228
"e:\Data\BJTU\NJU1\4.Research\pbrt-v4\src\pbrt\util\sobolmatrices.cpp", "C++", 9206, 0, 0, 33, 10, 9249
"e:\Data\BJTU\NJU1\4.Research\pbrt-v4\src\pbrt\util\sobolmatrices.h", "C++", 12, 0, 0, 4, 9, 25
"e:\Data\BJTU\NJU1\4.Research\pbrt-v4\src\pbrt\util\spectrum.cpp", "C++", 2662, 0, 0, 41, 150, 2853
"e:\Data\BJTU\NJU1\4.Research\pbrt-v4\src\pbrt\util\spectrum.h", "C++", 642, 0, 0, 41, 120, 803
"e:\Data\BJTU\NJU1\4.Research\pbrt-v4\src\pbrt\util\spectrum_test.cpp", "C++", 125, 0, 0, 17, 23, 165
"e:\Data\BJTU\NJU1\4.Research\pbrt-v4\src\pbrt\util\splines.h", "C++", 81, 0, 0, 13, 20, 114
"e:\Data\BJTU\NJU1\4.Research\pbrt-v4\src\pbrt\util\splines_test.cpp", "C++", 28, 0, 0, 5, 8, 41
"e:\Data\BJTU\NJU1\4.Research\pbrt-v4\src\pbrt\util\stats.cpp", "C++", 431, 0, 0, 12, 71, 514
"e:\Data\BJTU\NJU1\4.Research\pbrt-v4\src\pbrt\util\stats.h", "C++", 153, 0, 0, 10, 29, 192
"e:\Data\BJTU\NJU1\4.Research\pbrt-v4\src\pbrt\util\stbimage.cpp", "C++", 6, 0, 0, 4, 3, 13
"e:\Data\BJTU\NJU1\4.Research\pbrt-v4\src\pbrt\util\string.cpp", "C++", 160, 0, 0, 6, 42, 208
"e:\Data\BJTU\NJU1\4.Research\pbrt-v4\src\pbrt\util\string.h", "C++", 47, 0, 0, 7, 18, 72
"e:\Data\BJTU\NJU1\4.Research\pbrt-v4\src\pbrt\util\string_test.cpp", "C++", 15, 0, 0, 4, 8, 27
"e:\Data\BJTU\NJU1\4.Research\pbrt-v4\src\pbrt\util\taggedptr.h", "C++", 762, 0, 0, 8, 104, 874
"e:\Data\BJTU\NJU1\4.Research\pbrt-v4\src\pbrt\util\taggedptr_test.cpp", "C++", 233, 0, 0, 3, 36, 272
"e:\Data\BJTU\NJU1\4.Research\pbrt-v4\src\pbrt\util\transform.cpp", "C++", 1032, 0, 0, 56, 79, 1167
"e:\Data\BJTU\NJU1\4.Research\pbrt-v4\src\pbrt\util\transform.h", "C++", 442, 0, 0, 27, 85, 554
"e:\Data\BJTU\NJU1\4.Research\pbrt-v4\src\pbrt\util\transform_test.cpp", "C++", 94, 0, 0, 13, 17, 124
"e:\Data\BJTU\NJU1\4.Research\pbrt-v4\src\pbrt\util\vecmath.cpp", "C++", 65, 0, 0, 9, 16, 90
"e:\Data\BJTU\NJU1\4.Research\pbrt-v4\src\pbrt\util\vecmath.h", "C++", 1565, 0, 0, 105, 271, 1941
"e:\Data\BJTU\NJU1\4.Research\pbrt-v4\src\pbrt\util\vecmath_test.cpp", "C++", 491, 0, 0, 43, 89, 623
"e:\Data\BJTU\NJU1\4.Research\pbrt-v4\src\pbrt\wavefront\aggregate.cpp", "C++", 98, 0, 0, 8, 13, 119
"e:\Data\BJTU\NJU1\4.Research\pbrt-v4\src\pbrt\wavefront\aggregate.h", "C++", 41, 0, 0, 3, 15, 59
"e:\Data\BJTU\NJU1\4.Research\pbrt-v4\src\pbrt\wavefront\camera.cpp", "C++", 56, 0, 0, 13, 14, 83
"e:\Data\BJTU\NJU1\4.Research\pbrt-v4\src\pbrt\wavefront\film.cpp", "C++", 25, 0, 0, 8, 9, 42
"e:\Data\BJTU\NJU1\4.Research\pbrt-v4\src\pbrt\wavefront\integrator.cpp", "C++", 566, 0, 0, 89, 109, 764
"e:\Data\BJTU\NJU1\4.Research\pbrt-v4\src\pbrt\wavefront\integrator.h", "C++", 139, 0, 0, 11, 45, 195
"e:\Data\BJTU\NJU1\4.Research\pbrt-v4\src\pbrt\wavefront\intersect.h", "C++", 225, 0, 0, 12, 42, 279
"e:\Data\BJTU\NJU1\4.Research\pbrt-v4\src\pbrt\wavefront\media.cpp", "C++", 267, 0, 0, 35, 53, 355
"e:\Data\BJTU\NJU1\4.Research\pbrt-v4\src\pbrt\wavefront\samples.cpp", "C++", 44, 0, 0, 12, 13, 69
"e:\Data\BJTU\NJU1\4.Research\pbrt-v4\src\pbrt\wavefront\subsurface.cpp", "C++", 156, 0, 0, 15, 38, 209
"e:\Data\BJTU\NJU1\4.Research\pbrt-v4\src\pbrt\wavefront\surfscatter.cpp", "C++", 250, 0, 0, 43, 38, 331
"e:\Data\BJTU\NJU1\4.Research\pbrt-v4\src\pbrt\wavefront\wavefront.cpp", "C++", 46, 0, 0, 14, 13, 73
"e:\Data\BJTU\NJU1\4.Research\pbrt-v4\src\pbrt\wavefront\wavefront.h", "C++", 8, 0, 0, 3, 8, 19
"e:\Data\BJTU\NJU1\4.Research\pbrt-v4\src\pbrt\wavefront\workitems.h", "C++", 415, 0, 0, 35, 55, 505
"e:\Data\BJTU\NJU1\4.Research\pbrt-v4\src\pbrt\wavefront\workqueue.h", "C++", 139, 0, 0, 13, 25, 177
"Total", "-", 289212, 217, 415, 6180, 12295, 308319